family,request,response
AAS,75D,65D
ABRASR,6AD,68D
AFFICHEUR,765,665
AIRBAG,744,644
ALARMES,75C,65C
AUTORADIO,760,660
BMF,752,652
BSM,752,652
BSR,752,652
CHANGEURCD,771,671
CHAUFFADD,731,711
CLIM,76D,66D
COMBINE,75F,65F
CPL,74A,64A
CPL,730,710
DIRECTN,6B5,695
HDC,742,642
INJ,6A8,688
KML/NOMAD/AVP,773,673
SPNEU,6B8,698
TDCAR,778,678
TELEMAT,764,664
BTC,752,652
DSG,6AF,68F
BOITEVIT,6A9,689
RHF,746,646
ASRPLUS,6BD,69D
BECB,6C4,604
AMPLHIFI,77D,67D
ARTIV,6B6,696
BIR,6BE,69E
CORPRO,6B7,697
ESSUIV,779,679
FSE,6B3,693
MATT,772,672
MDS,77C,67C
PADDITIVATION,6C1,601
PORTEC,74B,64B
VTH,770,670
TNB,6C3,603
MCM,6BD,69D
MSB,6B4,694
HCU2,6A6,686
HCU1,6A7,687
DMTC,6BC,69C
CSR,6C8,628
CSR_2,6C8,628
IDVR,763,663
AVM,74F,64F
RUMBLE,708,728
AFFICHEUR_LVDS_BD,743,643
ALARME,6E6,626
AVAS,5B0,5AF
CTPE,731,711
AVE,74F,64F
BAAST,732,712
BCM,76B,66B
BEVI,5AC,58C
BNC_AVD,733,713
BNC_AVG,733,713
CLIM_AR_2,778,678
COMELBVA,6AA,68A
CSS,6B0,690
CVM,74A,64A
ESM,58B,58A
FMUX,77B,67B
IHM_CLIM,736,716
SCR,6A1,681
SCB_D,733,713
SIRENE,6E5,625
SPB_D,733,713
SPB_P,733,713
TO,733,713
FEU_AR_C,732,712
FEU_AR_P,732,712
FEU_COMP_AR_C,732,712
FEU_COMP_AR_P,732,712
CONV_PUIS,6BA,69A
CONV_PUIS_2,49B,49A
VCU,6A2,682
CMM_E,6A6,686
OBC_DCDC,590,58F
CCE,732,712
FREIN,5D0,5CF
RMCU,6A7,687
AVM_LIN,733,713
CDE,771,671
CRTELEMAT_UDS,736,716
OLVI,6B7,697
BML,741,641
BSE,759,659
ECOLE,75E,65E
LCE,745,645
BPGA,731,711
AVM_RAWCAN,6B4,000
EDL,733,73B
TRANSMISSION,787,78F
ADC,703,70B
BSP,720,728
BMU,761,762
OBC,765,568
SUPERVISEUR,751,752
CMU_01,61E,61F
CMU_02,62E,62F
CMU_03,63E,63F
CMU_04,64E,64F
CMU_05,65E,65F
CMU_06,66E,66F
CMU_07,67E,67F
CMU_08,68E,68F
CMU_09,69E,69F
CMU_10,6AE,6AF
CMU_11,6BE,6BF
CMU_12,6CE,6CF
CAV,622,484
CMB,782,783
CLIM_COMP,771,772
REMOTE_EV,73A,73B
DCDC,72A,72C
AFFICHEUR_LIN,736,716
CRT_UDS_CAN,74C,64C
BMF_UDS_PSA,752,652
BMF_CAN_PSA,752,652
BMF_CAN_PSA_KILO,752,652
BMF_K_PSA,752,652
BMF_K_PSA_KILO,752,652
BMF_CAN_MMC,620,504
BMF_CAN_MMC_2,7A0,7A1
BMF_CAN_FIAT,7B0,7C0
BMF_CAN_FIAT_2,7B0,7C0
COMBINE_CAN_FIAT,7B0,7C3
COMBINE_CAN_FIAT_2,7B0,7C3
COMBINE_CAN_MMC,6A0,514
CMB_CAN_MMC_2,782,783
BMF_UDS_CQCA,700,708
COMBINE_UDS_CQCA,701,709
BVCU_UDS_VE,752,652
BMF_UDS_PSA_NEA,752,652
BCCM_UDS_PSA_SMART,75F,65F
AIDENAV,7A8,535
LEVIERVITESSES,788,789
PDPARD,620,504
PDPARG,620,504
PORTEP,620,504
TOUV,620,504
CRT_UDS,736,716
BPV,762,662
BDMC,76E,66E
HORL,731,711
MOTEV,730,710
MOTED,730,710
SUSPVAR,7B0,7DB
BSS,754,654
CLIM_AR,736,716
BVCU,752,652
ADDITIVATION,775,675
BTO,766,666
CRT,777,677
PORTECOUL,755,655
TOUVAV,768,668
TOUVAR,76A,66A
TOUVM,769,669
BEBA,6BB,69B
RETRO_INT,753,653
ESM_2,74D,64D
CRT_A,736,716
PROJ_L,597,557
PROJ_R,5B7,577
EPLU,5CA,5AA
ECR_D,71E,73E
ECR_G,71F,73F
BCD,766,666
STL,762,662
BPL,6C2,602
BSC,752,652
BDMP,76F,66F
TOITESC,767,667
BDCP,749,649
DPM,774,674
BPL_2,733,713
BECB_VE,6C4,604
CTPA,737,717
EPCU,6A8,688
BCLVR,74B,64B
IVC_D,761,661
INJ_GRD,6A8,688
DIRECTN_M,796,797
OSS,773,774
DARA,758,759
AMORT,6B0,690
SAM,75B,65B
BDMAR,757,657
PDSC,751,651
PDSP,750,650
CMB_BCCM,75F,65F
VTH_LVDS_BD,738,718
BAASL,732,712
IHM_CLIM_FMUX,77B,67B
MDPLC_D,756,656
MDPLC_G,755,655
IDB,740,640
DCU_FD,750,650
DCU_FP,751,651
DCU_RL,757,657
DCU_RR,758,658
INJ_T,7E0,7E8
CMDDEM,7B4,7BC
AUTDEM,750,758
BML_ES,750,758
CSP,750,758
